{"file_name": "vocal_0_000.png", "img_size": [344, 300], "boxs": [[271.2230529785156, 0.901864230632782, 299.05767822265625, 210.12501525878906]]}