{"file_name": "vocal_0_001.png", "img_size": [344, 279], "boxs": [[0.7362954616546631, 1.4418082237243652, 32.48737716674805, 212.37796020507812], [34.46717071533203, 1.0712928771972656, 73.92057800292969, 223.63693237304688], [140.5345458984375, 1.0150872468948364, 187.9873809814453, 223.7275390625]]}